id,topicId,question,optionA,optionB,optionC,answer,explanation,pdfFile,pdfPage
101,1,Kirchhoff's Current Law (KCL) is based on conservation of:,Energy,Charge,Mass,Charge,Charge cannot be created or destroyed; it must flow out of a node if it flows in.,EE2101_CIRCUIT_ANALYSIS_LECTURE_1_V1(1).pdf,27
102,1,Kirchhoff's Voltage Law (KVL) is based on conservation of:,Energy,Charge,Power,Energy,Voltage is energy per unit charge. Sum of energy gains/losses in a loop is zero.,EE2101_CIRCUIT_ANALYSIS_LECTURE_1_V1(1).pdf,28
103,1,Ohm's Law states relation between:,"V, I, P","V, I, R","P, I, R","V, I, R","It relates Voltage (V), Current (I), and Resistance (R) as V = IR.",EE2101_CIRCUIT_ANALYSIS_LECTURE_1_V1(1).pdf,24
104,1,Unit of Resistance is:,Siemens,Ohm,Henry,Ohm,Use Ohms (Ω) for resistance. Siemens is for conductance.,EE2101_CIRCUIT_ANALYSIS_LECTURE_1_V1(1).pdf,17
105,1,Unit of Conductance is:,Ohm,Siemens,Farad,Siemens,"Conductance is the reciprocal of resistance, measured in Siemens (S).",EE2101_CIRCUIT_ANALYSIS_LECTURE_1_V1(1).pdf,17
106,1,Reciprocal of Resistance is:,Inductance,Conductance,Reactance,Conductance,Conductance (G) = 1 / Resistance (R).,EE2101_CIRCUIT_ANALYSIS_LECTURE_1_V1(1).pdf,25
107,1,Ideal voltage source has internal resistance of:,Zero,Infinite,1 Ohm,Zero,"It maintains constant voltage regardless of current, implying zero series voltage drop (zero R).",EE2101_CIRCUIT_ANALYSIS_LECTURE_1_V1(1).pdf,6
108,1,Ideal current source has internal resistance of:,Zero,Infinite,1 MegaOhm,Infinite,"It maintains constant current regardless of voltage, implying no parallel leakage path (infinite R).",EE2101_CIRCUIT_ANALYSIS_LECTURE_1_V1(1).pdf,6
109,1,Nodes are points where:,Two or more elements meet,Only two elements meet,Ground exists,Two or more elements meet,Definition of a node.,EE2101_CIRCUIT_ANALYSIS_LECTURE_1_V1(1).pdf,31
110,1,A loop is:,Any open path,Any closed path,A specific mesh,Any closed path,Starting and ending at the same node.,EE2101_CIRCUIT_ANALYSIS_LECTURE_1_V1(1).pdf,28
111,1,A mesh is a loop that:,Contains no other loops,Contains at least one loop,Is very large,Contains no other loops,Property of planar circuits.,EE2101_CIRCUIT_ANALYSIS_LECTURE_1_V1(1).pdf,28
112,1,Thevenin's Theorem reduces a linear circuit to:,Vth in parallel with Rth,Vth in series with Rth,Ith in series with Rth,Vth in series with Rth,Standard Thevenin equivalent.,EE2101_CIRCUIT_ANALYSIS_LECTURE_1_V1(1).pdf,2
113,1,Norton's Theorem reduces a linear circuit to:,In in series with Rn,In in parallel with Rn,Vn in parallel with Rn,In in parallel with Rn,Standard Norton equivalent.,EE2101_CIRCUIT_ANALYSIS_LECTURE_1_V1(1).pdf,2
114,1,Thevenin Resistance Rth is found by:,"Shorting voltage sources, opening current sources","Opening voltage sources, shorting current sources",Leaving sources on,"Shorting voltage sources, opening current sources",Deactivating independent sources.,EE2101_CIRCUIT_ANALYSIS_LECTURE_1_V1(1).pdf,25
115,1,Superposition Theorem applies to:,Power,Voltage and Current,Non-linear elements,Voltage and Current,Linear responses only. Power is quadratic (non-linear).,EE2101_CIRCUIT_ANALYSIS_LECTURE_1_V1(1).pdf,1
116,1,Maximum Power Transfer occurs when Load R equals:,Zero,Source R,Infinite,Source R,Impedance matching condition.,EE2101_CIRCUIT_ANALYSIS_LECTURE_1_V1(1).pdf,36
117,1,Efficiency at Maximum Power Transfer is:,100%,50%,75%,50%,"Half power dissipated in source, half in load.",EE2101_CIRCUIT_ANALYSIS_LECTURE_1_V1(1).pdf,36
118,1,Source transformation converts V-source to:,I-source in series with R,I-source in parallel with R,V-source in parallel with R,I-source in parallel with R,V=IR relation holds.,EE2101_CIRCUIT_ANALYSIS_LECTURE_1_V1(1).pdf,6
119,1,Two resistors in series have same:,Voltage,Check,Current,Current,Single path for charge flow.,EE2101_CIRCUIT_ANALYSIS_LECTURE_1_V1(1).pdf,26
120,1,Two resistors in parallel have same:,Current,Voltage,Power,Voltage,Connected to same two nodes.,EE2101_CIRCUIT_ANALYSIS_LECTURE_1_V1(1).pdf,26
121,1,"Formula for two resistors R1, R2 in parallel:",R1+R2,(R1*R2)/(R1+R2),1/R1 + 1/R2,(R1*R2)/(R1+R2),Product over sum.,EE2101_CIRCUIT_ANALYSIS_LECTURE_1_V1(1).pdf,26
122,1,Voltage Division Rule applies to elements in:,Series,Parallel,Mesh,Series,Divides source voltage proportional to resistance.,EE2101_CIRCUIT_ANALYSIS_LECTURE_1_V1(1).pdf,26
123,1,Current Division Rule applies to elements in:,Series,Parallel,Loop,Parallel,Divides source current inversely proportional to resistance.,EE2101_CIRCUIT_ANALYSIS_LECTURE_1_V1(1).pdf,26
124,1,Power is defined as product of:,V and R,V and I,I and R,V and I,P = VI.,EE2101_CIRCUIT_ANALYSIS_LECTURE_1_V1(1).pdf,36
125,1,Resistors dissipate energy as:,Magnetic field,Heat,Electric field,Heat,Lossy component.,EE2101_CIRCUIT_ANALYSIS_LECTURE_1_V1(1).pdf,13
126,1,Linearity requires:,Additivity and Homogeneity,Stability,Causality,Additivity and Homogeneity,Mathematical definition of linear system.,EE2101_CIRCUIT_ANALYSIS_LECTURE_1_V1(1).pdf,1
127,1,Nodal Analysis uses:,KCL,KVL,Ohm's Law only,KCL,Sum of currents at node is zero.,EE2101_CIRCUIT_ANALYSIS_LECTURE_1_V1(1).pdf,2
128,1,Mesh Analysis uses:,KCL,KVL,Power Balance,KVL,Sum of voltages in loop is zero.,EE2101_CIRCUIT_ANALYSIS_LECTURE_1_V1(1).pdf,2
129,1,A Supernode is formed when:,Current source is between non-reference nodes,Voltage source is between non-reference nodes,Resistor is large,Voltage source is between non-reference nodes,Simplifies nodal analysis.,EE2101_CIRCUIT_ANALYSIS_LECTURE_1_V1(1).pdf,33
130,1,A Supermesh is formed when:,Current source is shared by two meshes,Voltage source is shared,No source is shared,Current source is shared by two meshes,Simplifies mesh analysis.,EE2101_CIRCUIT_ANALYSIS_LECTURE_1_V1(1).pdf,34
131,1,Conductance G equals:,R,1/R,R^2,1/R,Inverse of resistance.,EE2101_CIRCUIT_ANALYSIS_LECTURE_1_V1(1).pdf,1
132,1,Power absorbed by resistor:,I^2 * R,I^2 / R,V * R,I^2 * R,Joule's Law.,EE2101_CIRCUIT_ANALYSIS_LECTURE_1_V1(1).pdf,23
133,1,Dependent sources are controlled by:,Time,Another voltage or current,Temperature,Another voltage or current,"VCVS, VCCS, CCVS, CCCS.",EE2101_CIRCUIT_ANALYSIS_LECTURE_1_V1(1).pdf,22
134,1,Active elements:,Dissipate energy,Generate energy,Store energy,Generate energy,"Sources, Op-Amps (with supply).",EE2101_CIRCUIT_ANALYSIS_LECTURE_1_V1(1).pdf,34
135,1,Passive elements:,Cannot generate net energy,Have negative resistance,Are voltage sources,Cannot generate net energy,"R, L, C.",EE2101_CIRCUIT_ANALYSIS_LECTURE_1_V1(1).pdf,34
136,1,Short circuit implies:,"R=0, V=0","R=inf, I=0","R=0, I=0","R=0, V=0",Zero resistance path.,EE2101_CIRCUIT_ANALYSIS_LECTURE_1_V1(1).pdf,2
137,1,Open circuit implies:,"R=0, V=0","R=inf, I=0","R=inf, V=0","R=inf, I=0",No current can flow.,EE2101_CIRCUIT_ANALYSIS_LECTURE_1_V1(1).pdf,6
138,1,Ground reference has voltage:,5V,0V,Infinity,0V,Reference point.,EE2101_CIRCUIT_ANALYSIS_LECTURE_1_V1(1).pdf,2
139,1,Millman's Theorem is useful for:,Parallel voltage sources,Series voltage sources,Series current sources,Parallel voltage sources,Finds common voltage across parallel branches.,EE2101_CIRCUIT_ANALYSIS_LECTURE_1_V1(1).pdf,1
140,1,Tellegen's Theorem relates to:,Power conservation,Voltage division,Current division,Power conservation,Sum of power is zero in any circuit.,EE2101_CIRCUIT_ANALYSIS_LECTURE_1_V1(1).pdf,1
141,1,Dual of Voltage is:,Current,Charge,Flux,Current,Duality principle.,EE2101_CIRCUIT_ANALYSIS_LECTURE_1_V1(1).pdf,26
142,1,Dual of Resistance is:,Inductance,Conductance,Capacitance,Conductance,R <-> G.,EE2101_CIRCUIT_ANALYSIS_LECTURE_1_V1(1).pdf,25
143,1,Instantaneous Power p(t) is:,v(t) * i(t),Vrms * Irms,Vdc * Idc,v(t) * i(t),Time domain product.,EE2101_CIRCUIT_ANALYSIS_LECTURE_1_V1(1).pdf,36
144,1,Unit of Charge is:,Ampere,Coulomb,Volt,Coulomb,Charge is measured in Coulombs (C). 1 Ampere = 1 Coulomb per second.,EE2101_CIRCUIT_ANALYSIS_LECTURE_1_V1(1).pdf,17
145,1,Unit of Energy is:,Watt,Joule,Newton,Joule,Energy is measured in Joules (J). Watts are for Power (rate of energy).,EE2101_CIRCUIT_ANALYSIS_LECTURE_1_V1(1).pdf,17
146,1,Electron flow is opposite to:,Conventional current,Voltage,Power,Conventional current,Historical definition.,EE2101_CIRCUIT_ANALYSIS_LECTURE_1_V1(1).pdf,2
147,1,Specific resistance depends on:,Length,Material,Area,Material,Resistivity is a material property.,EE2101_CIRCUIT_ANALYSIS_LECTURE_1_V1(1).pdf,25
148,1,Conductivity is inverse of:,Resistance,Resistivity,Conductance,Resistivity,Sigma = 1 / Rho.,EE2101_CIRCUIT_ANALYSIS_LECTURE_1_V1(1).pdf,1
149,1,Temperature coefficient of copper is:,Positive,Negative,Zero,Positive,R increases with T.,EE2101_CIRCUIT_ANALYSIS_LECTURE_1_V1(1).pdf,1
150,1,Resistance of a wire is proportional to:,Area,Length,Volume,Length,R = Rho * L / A.,EE2101_CIRCUIT_ANALYSIS_LECTURE_1_V1(1).pdf,25
201,2,Capacitor stores energy in:,Magnetic field,Electric field,Heat,Electric field,Between plates.,EE2101_CIRCUIT_ANALYSIS_LECTURE_5_V2.pdf,2
202,2,Inductor stores energy in:,Magnetic field,Electric field,Chemical bonds,Magnetic field,Flux lines.,EE2101_CIRCUIT_ANALYSIS_LECTURE_5_V2.pdf,2
203,2,Unit of Capacitance:,Henry,Farad,Ohm,Farad,F.,EE2101_CIRCUIT_ANALYSIS_LECTURE_5_V2.pdf,26
204,2,Unit of Inductance:,Henry,Farad,Weber,Henry,H.,EE2101_CIRCUIT_ANALYSIS_LECTURE_5_V2.pdf,26
205,2,Voltage across capacitor cannot change:,Slowly,Instantly,At all,Instantly,Requires infinite current.,EE2101_CIRCUIT_ANALYSIS_LECTURE_5_V2.pdf,12
206,2,Current through inductor cannot change:,Slowly,Instantly,Linearly,Instantly,Requires infinite voltage.,EE2101_CIRCUIT_ANALYSIS_LECTURE_5_V2.pdf,12
207,2,IV relation for Capacitor:,i = C dv/dt,v = C di/dt,v = iR,i = C dv/dt,Current flows only when voltage changes (dv/dt) across the capacitor.,EE2101_CIRCUIT_ANALYSIS_LECTURE_5_V2.pdf,2
208,2,IV relation for Inductor:,v = L di/dt,i = L dv/dt,v = Li,v = L di/dt,Voltage is induced only when current changes (di/dt) through the inductor.,EE2101_CIRCUIT_ANALYSIS_LECTURE_5_V2.pdf,2
209,2,Capacitors in parallel combine:,Additively (C1+C2),Inversely (1/C),Like resistors,Additively (C1+C2),"Adding capacitors in parallel increases the total plate area, thus increasing capacitance.",EE2101_CIRCUIT_ANALYSIS_LECTURE_5_V2.pdf,5
210,2,Inductors in series combine:,Additively (L1+L2),Inversely,Like capacitors,Additively (L1+L2),"Inductances in series add up, similar to resistors in series.",EE2101_CIRCUIT_ANALYSIS_LECTURE_5_V2.pdf,22
211,2,DC steady state behavior of Capacitor:,Short Circuit,Open Circuit,Resistor,Open Circuit,"In DC, voltage is constant (dv/dt = 0), so current i = C(0) = 0, acting as an open circuit.",EE2101_CIRCUIT_ANALYSIS_LECTURE_5_V2.pdf,2
212,2,DC steady state behavior of Inductor:,Short Circuit,Open Circuit,Source,Short Circuit,"In DC, current is constant (di/dt = 0), so voltage v = L(0) = 0, acting as a short circuit (wire).",EE2101_CIRCUIT_ANALYSIS_LECTURE_5_V2.pdf,2
213,2,Time constant of RC circuit:,L/R,RC,1/RC,RC,Time constant (tau) = R * C. It determines how fast the capacitor charges/discharges.,EE2101_CIRCUIT_ANALYSIS_LECTURE_5_V2.pdf,3
214,2,Time constant of RL circuit:,L/R,RL,R/L,L/R,Time constant (tau) = L / R. Larger resistance makes the current decay faster.,EE2101_CIRCUIT_ANALYSIS_LECTURE_5_V2.pdf,3
215,2,Energy in Capacitor:,1/2 CV^2,1/2 LI^2,CV,1/2 CV^2, Joules.,EE2101_CIRCUIT_ANALYSIS_LECTURE_5_V2.pdf,2
216,2,Energy in Inductor:,1/2 CV^2,1/2 LI^2,LI,1/2 LI^2,Joules.,EE2101_CIRCUIT_ANALYSIS_LECTURE_5_V2.pdf,2
217,2,Ideal Capacitor dissipates:,0 Watts,Infinite Watts,Heat,0 Watts,"Stores energy, doesn't burn it.",EE2101_CIRCUIT_ANALYSIS_LECTURE_5_V2.pdf,2
218,2,Ideal Inductor dissipates:,0 Watts,I^2 R,Heat,0 Watts,Stores energy only.,EE2101_CIRCUIT_ANALYSIS_LECTURE_5_V2.pdf,2
219,2,Mutual Inductance M exists between:,Capacitors,Coupled Inductors,Resistors,Coupled Inductors,Transformers.,EE2101_CIRCUIT_ANALYSIS_LECTURE_5_V2.pdf,23
220,2,Coefficient of Coupling k is between:,0 and 1,-1 and 1,1 and 100,0 and 1,Fraction of flux linkage.,EE2101_CIRCUIT_ANALYSIS_LECTURE_5_V2.pdf,15
221,2,"If k=1, coils are:",Loosely coupled,Perfectly coupled,Uncoupled,Perfectly coupled,Maximum linkage.,EE2101_CIRCUIT_ANALYSIS_LECTURE_5_V2.pdf,1
222,2,Capacitance depends on:,Voltage,Geometry and Dielectric,Current,Geometry and Dielectric,Physical property.,EE2101_CIRCUIT_ANALYSIS_LECTURE_5_V2.pdf,1
223,2,Dielectric constant affects:,Resistance,Capacitance,Inductance,Capacitance,Increases C.,EE2101_CIRCUIT_ANALYSIS_LECTURE_5_V2.pdf,7
224,2,Permeability affects:,Resistance,Capacitance,Inductance,Inductance,Core material property.,EE2101_CIRCUIT_ANALYSIS_LECTURE_5_V2.pdf,1
225,2,Identify the passive component:,Transistor,Capacitor,Battery,Capacitor,Passive.,EE2101_CIRCUIT_ANALYSIS_LECTURE_5_V2.pdf,20
226,2,Current leads Voltage in:,Inductor,Capacitor,Resistor,Capacitor,ICE: Current leads EMF (Voltage) in a Capacitor.,EE2101_CIRCUIT_ANALYSIS_LECTURE_5_V2.pdf,12
227,2,Voltage leads Current in:,Inductor,Capacitor,Resistor,Inductor,ELI: EMF (Voltage) leads Current in an Inductor.,EE2101_CIRCUIT_ANALYSIS_LECTURE_5_V2.pdf,12
228,2,Reactance of Capacitor Xc:,wL,1/wC,wC,1/wC,Inverse with freq.,EE2101_CIRCUIT_ANALYSIS_LECTURE_5_V2.pdf,2
229,2,Reactance of Inductor Xl:,wL,1/wL,w^2 L,wL,Direct with freq.,EE2101_CIRCUIT_ANALYSIS_LECTURE_5_V2.pdf,2
230,2,"At DC (f=0), Xc is:",Zero,Infinite,One,Infinite,Open circuit.,EE2101_CIRCUIT_ANALYSIS_LECTURE_5_V2.pdf,1
231,2,"At DC (f=0), Xl is:",Zero,Infinite,One,Zero,Short circuit.,EE2101_CIRCUIT_ANALYSIS_LECTURE_5_V2.pdf,1
232,2,"At very high freq, Capacitor acts as:",Short Circuit,Open Circuit,Inductor,Short Circuit,Low impedance.,EE2101_CIRCUIT_ANALYSIS_LECTURE_5_V2.pdf,2
233,2,"At very high freq, Inductor acts as:",Short Circuit,Open Circuit,Capacitor,Open Circuit,High impedance.,EE2101_CIRCUIT_ANALYSIS_LECTURE_5_V2.pdf,2
234,2,Dot convention indicates:,Voltage polarity,Current direction,Winding direction,Voltage polarity,Relative polarity of induced voltage.,EE2101_CIRCUIT_ANALYSIS_LECTURE_5_V2.pdf,1
235,2,Capacitors block:,AC,DC,Signals,DC,Open circuit to DC.,EE2101_CIRCUIT_ANALYSIS_LECTURE_5_V2.pdf,2
236,2,Inductors block (choke):,High frequencies,Low frequencies,DC,High frequencies,High impedance to AC.,EE2101_CIRCUIT_ANALYSIS_LECTURE_5_V2.pdf,2
237,2,Variable capacitor is called:,Potentiometer,Varactor/Trimmer,Rheostat,Varactor/Trimmer,Tunable value.,EE2101_CIRCUIT_ANALYSIS_LECTURE_5_V2.pdf,2
238,2,Electrolytic capacitors have:,Polarity,No polarity,Infinite life,Polarity,+ and - terminals.,EE2101_CIRCUIT_ANALYSIS_LECTURE_5_V2.pdf,2
239,2,Q factor relates to:,Quality/Energy Storage,Quantity,Quickness,Quality/Energy Storage,Stores energy vs lost.,EE2101_CIRCUIT_ANALYSIS_LECTURE_5_V2.pdf,37
240,2,Energy density is highest in:,Capacitors,Inductors,Batteries,Batteries,Chemical storage is denser.,EE2101_CIRCUIT_ANALYSIS_LECTURE_5_V2.pdf,1
241,2,Supercapacitors bridge gap between:,Capacitors and Batteries,Inductors and Resistors,None,Capacitors and Batteries,"High C, fast charge.",EE2101_CIRCUIT_ANALYSIS_LECTURE_5_V2.pdf,23
242,2,Stray capacitance occurs:,Between any conductors,Only in capacitors,In vacuum,Between any conductors,Parasitic effect.,EE2101_CIRCUIT_ANALYSIS_LECTURE_5_V2.pdf,1
243,2,Self-resonance freq (SRF) is where component becomes:,Resistive,Non-functional,Ideal,Resistive,L and C cancel.,EE2101_CIRCUIT_ANALYSIS_LECTURE_5_V2.pdf,29
244,2,Core saturation happens in:,Air core inductors,Iron core inductors,Capacitors,Iron core inductors,Magnetic limit.,EE2101_CIRCUIT_ANALYSIS_LECTURE_5_V2.pdf,1
245,2,Leakage current is found in:,Ideal Capacitors,Real Capacitors,Ideal Inductors,Real Capacitors,Imperfection.,EE2101_CIRCUIT_ANALYSIS_LECTURE_5_V2.pdf,12
246,2,Equivalent Series Resistance (ESR) affects:,Capacitor efficiency,Inductor color,Voltage rating,Capacitor efficiency,Parasitic R.,EE2101_CIRCUIT_ANALYSIS_LECTURE_5_V2.pdf,22
247,2,Ceramic capacitors are good for:,High frequency,High Energy,DC filtering only,High frequency,Low ESL.,EE2101_CIRCUIT_ANALYSIS_LECTURE_5_V2.pdf,2
248,2,Ferrite beads are used as:,Inductors/chokes,Capacitors,Resistors,Inductors/chokes,Suppress EMI.,EE2101_CIRCUIT_ANALYSIS_LECTURE_5_V2.pdf,1
249,2,Transformer core is laminated to reduce:,Eddy currents,Weight,Cost,Eddy currents,Heat loss.,EE2101_CIRCUIT_ANALYSIS_LECTURE_5_V2.pdf,1
250,2,Flux linkage is:,NI,N * phi,B * A,N * phi,Turns times flux.,EE2101_CIRCUIT_ANALYSIS_LECTURE_5_V2.pdf,1
301,3,Transient response is due to:,Resistors,Energy storage elements,Sources,Energy storage elements,L and C cannot change state instantly.,EE2101_CIRCUIT_ANALYSIS_LECTURE_6_V1.pdf,22
302,3,Steady state implies:,t = 0,t -> infinity,t = tau,t -> infinity,Responses have settled.,EE2101_CIRCUIT_ANALYSIS_LECTURE_6_V1.pdf,20
303,3,Time constant tau for RC:,RC,R/C,1/RC,RC,Tau = R × C. Represents time to reach ~63.2% of final value.,EE2101_CIRCUIT_ANALYSIS_LECTURE_6_V1.pdf,16
304,3,Time constant tau for RL:,L/R,R/L,RL,L/R,Tau = L / R. Represents time to reach ~63.2% of final value.,EE2101_CIRCUIT_ANALYSIS_LECTURE_6_V1.pdf,16
305,3,Voltage across C during charging (step input):,Exponential rise,Linear rise,Instant step,Exponential rise,V(1 - e^-t/tau).,EE2101_CIRCUIT_ANALYSIS_LECTURE_6_V1.pdf,20
306,3,Current in L during energizing (step voltage):,Exponential rise,Step,Linear,Exponential rise,Similar to C voltage.,EE2101_CIRCUIT_ANALYSIS_LECTURE_6_V1.pdf,20
307,3,"At t=0+, an uncharged capacitor acts as:",Short Circuit,Open Circuit,Resistor,Short Circuit,"Voltage is 0, so it looks like a short.",EE2101_CIRCUIT_ANALYSIS_LECTURE_6_V1.pdf,21
308,3,"At t=0+, an energized inductor acts as:",Current Source,Voltage Source,Open Circuit,Current Source,Maintains initial current.,EE2101_CIRCUIT_ANALYSIS_LECTURE_6_V1.pdf,21
309,3,"After 1 time constant, response reaches:",50%,63.2%,99%,63.2%,According to 1 - e^(-1) ≈ 0.632.,EE2101_CIRCUIT_ANALYSIS_LECTURE_6_V1.pdf,16
310,3,"After 5 time constants, response is:",Finished,>99%,63%,>99%,"According to 1 - e^(-5) ≈ 0.993, effectively steady state.",EE2101_CIRCUIT_ANALYSIS_LECTURE_6_V1.pdf,16
311,3,Natural response is also called:,Forced response,Zero-input response,Steady state,Zero-input response,Due to initial conditions only.,EE2101_CIRCUIT_ANALYSIS_LECTURE_6_V1.pdf,22
312,3,Forced response is due to:,Initial energy,Independent sources,Resistors,Independent sources,The input driving function.,EE2101_CIRCUIT_ANALYSIS_LECTURE_6_V1.pdf,22
313,3,Complete response is sum of:,Natural + Forced,DC + AC,V + I,Natural + Forced,Superposition.,EE2101_CIRCUIT_ANALYSIS_LECTURE_6_V1.pdf,19
314,3,First-order circuits contain:,1 storage element,2 storage elements,0 storage elements,1 storage element,Or equivalent to 1 (e.g. series C's).,EE2101_CIRCUIT_ANALYSIS_LECTURE_6_V1.pdf,2
315,3,Second-order circuits contain:,R and L,L and C,Two R's,L and C,Or two non-combinable same-type elements.,EE2101_CIRCUIT_ANALYSIS_LECTURE_6_V1.pdf,2
316,3,Overdamped response has:,Oscillations,Slow non-oscillatory decay,Fast decay,Slow non-oscillatory decay,Two real roots.,EE2101_CIRCUIT_ANALYSIS_LECTURE_6_V1.pdf,4
317,3,Underdamped response has:,Oscillations,No oscillations,Step change,Oscillations,Complex roots (ringing).,EE2101_CIRCUIT_ANALYSIS_LECTURE_6_V1.pdf,4
318,3,Critically damped response is:,Fastest non-oscillatory,Slowest,Oscillatory,Fastest non-oscillatory,Borderline case.,EE2101_CIRCUIT_ANALYSIS_LECTURE_6_V1.pdf,4
319,3,Damping ratio 'zeta' < 1 implies:,Overdamped,Underdamped,Critically damped,Underdamped,Oscillatory.,EE2101_CIRCUIT_ANALYSIS_LECTURE_6_V1.pdf,22
320,3,"In series RLC, 'alpha' (neper freq) is:",R/2L,1/sq(LC),RC,R/2L,Damping factor definition.,EE2101_CIRCUIT_ANALYSIS_LECTURE_6_V1.pdf,7
321,3,Resonant frequency 'omega_0' is:,1/sq(LC),sq(LC),R/L,1/sq(LC),Natural freq.,EE2101_CIRCUIT_ANALYSIS_LECTURE_6_V1.pdf,8
322,3,"If alpha > omega_0, system is:",Overdamped,Underdamped,Resonant,Overdamped,Dominant damping.,EE2101_CIRCUIT_ANALYSIS_LECTURE_6_V1.pdf,1
323,3,Unit impulse response is derivative of:,Step response,Ramp response,Sinusoidal response,Step response,d/dt u(t) = delta(t).,EE2101_CIRCUIT_ANALYSIS_LECTURE_6_V1.pdf,22
324,3,Unit step function u(t) is 1 for:,t < 0,t > 0,all t,t > 0,Heaviside function.,EE2101_CIRCUIT_ANALYSIS_LECTURE_6_V1.pdf,22
325,3,Switching usually causes:,Transients,Steady state,Nothing,Transients,Change in state.,EE2101_CIRCUIT_ANALYSIS_LECTURE_6_V1.pdf,1
326,3,"At t=infinity, L behaves as:",Open,Short,Source,Short,DC short.,EE2101_CIRCUIT_ANALYSIS_LECTURE_6_V1.pdf,22
327,3,Continuity condition applies to:,Vr and Ir,Vc and Il,Ic and Vl,Vc and Il,Stored energy variables.,EE2101_CIRCUIT_ANALYSIS_LECTURE_6_V1.pdf,21
328,3,Energy in tank circuit (LC) osscilates between:,R and L,L and C,Source and Load,L and C,Electric <-> Magnetic.,EE2101_CIRCUIT_ANALYSIS_LECTURE_6_V1.pdf,6
329,3,Time constant is measured in:,Seconds,Hertz,Ohms,Seconds,Time unit.,EE2101_CIRCUIT_ANALYSIS_LECTURE_6_V1.pdf,16
330,3,"In parallel RLC, alpha is:",1/(2RC),R/2L,RC,1/(2RC),Parallel damping.,EE2101_CIRCUIT_ANALYSIS_LECTURE_6_V1.pdf,1
331,3,Settle time (5%) is approx:,3 tau,5 tau,1 tau,3 tau,Sometimes 3 or 4 depending on def.,EE2101_CIRCUIT_ANALYSIS_LECTURE_6_V1.pdf,16
332,3,Source-free RC circuit voltage:,Decays,Grows,Stays constant,Decays,Resistor dissipates energy.,EE2101_CIRCUIT_ANALYSIS_LECTURE_6_V1.pdf,6
333,3,Integrating factor method solves:,1st order diff eq,Algebraic eq,3rd order eq,1st order diff eq,Math tool.,EE2101_CIRCUIT_ANALYSIS_LECTURE_6_V1.pdf,12
334,3,Particular solution corresponds to:,Forced response,Natural response,Transient,Forced response,Math term.,EE2101_CIRCUIT_ANALYSIS_LECTURE_6_V1.pdf,8
335,3,Homogeneous solution corresponds to:,Forced response,Natural response,Steady State,Natural response,Math term.,EE2101_CIRCUIT_ANALYSIS_LECTURE_6_V1.pdf,8
336,3,Characteristic equation roots determine:,Stability/Type of response,Amplitude,Initial value,Stability/Type of response,Exponents.,EE2101_CIRCUIT_ANALYSIS_LECTURE_6_V1.pdf,8
337,3,If roots are real and equal:,Critically damped,Overdamped,Underdamped,Critically damped,Repeated roots.,EE2101_CIRCUIT_ANALYSIS_LECTURE_6_V1.pdf,4
338,3,Mechanical analog of Inductance is:,Friction,Mass,Spring,Mass,Inertia.,EE2101_CIRCUIT_ANALYSIS_LECTURE_6_V1.pdf,1
339,3,Mechanical analog of Capacitance is:,Spring (Compliance),Mass,Damper,Spring (Compliance),Elasticity.,EE2101_CIRCUIT_ANALYSIS_LECTURE_6_V1.pdf,1
340,3,Mechanical analog of Resistance is:,Damper (Friction),Mass,Spring,Damper (Friction),Energy loss.,EE2101_CIRCUIT_ANALYSIS_LECTURE_6_V1.pdf,1
341,3,Singularity functions include:,"Sin, Cos","Step, Impulse, Ramp","Exp, Log","Step, Impulse, Ramp",Discontinuous functions.,EE2101_CIRCUIT_ANALYSIS_LECTURE_6_V1.pdf,1
342,3,Impulse function has area:,Zero,One,Infinite,One,Definition of Dirac Delta.,EE2101_CIRCUIT_ANALYSIS_LECTURE_6_V1.pdf,22
343,3,Step response of differentiator is:,Impulse,Ramp,Step,Impulse,Derivative of step is impulse.,EE2101_CIRCUIT_ANALYSIS_LECTURE_6_V1.pdf,22
344,3,Impulse response of integrator is:,Step,Ramp,Impulse,Step,Integral of impulse is step.,EE2101_CIRCUIT_ANALYSIS_LECTURE_6_V1.pdf,22
345,3,Pulse width affects:,Frequency content,Amplitude only,Phase only,Frequency content,Narrow pulse -> wide bandwidth.,EE2101_CIRCUIT_ANALYSIS_LECTURE_6_V1.pdf,22
346,3,Duty cycle is:,On time / Period,Off time / Period,Period / On time,On time / Period,Ratio.,EE2101_CIRCUIT_ANALYSIS_LECTURE_6_V1.pdf,1
347,3,Square wave contains:,Even harmonics,Odd harmonics,All harmonics,Odd harmonics,Fourier series property.,EE2101_CIRCUIT_ANALYSIS_LECTURE_6_V1.pdf,1
348,3,Which circuit acts as Low Pass Filter?,Series RC (Output across C),Series RC (Output across R),Series LC,Series RC (Output across C),Passes DC.,EE2101_CIRCUIT_ANALYSIS_LECTURE_6_V1.pdf,6
349,3,Which circuit acts as High Pass Filter?,Series RC (Output across C),Series RC (Output across R),Inductor only,Series RC (Output across R),Blocks DC.,EE2101_CIRCUIT_ANALYSIS_LECTURE_6_V1.pdf,6
350,3,Bandwidth relates to:,Rise time,DC level,Voltage source,Rise time,Inverse relationship.,EE2101_CIRCUIT_ANALYSIS_LECTURE_6_V1.pdf,1
401,4,Ideal Op-Amp Input Impedance:,0,Infinite,50 Ohm,Infinite,"Ideally, it draws zero current at input terminals, implying infinite impedance.",EE2101_CIRCUIT_ANALYSIS_LECTURE_4_V1(1).pdf,2
402,4,Ideal Op-Amp Output Impedance:,0,Infinite,1k Ohm,0,"Ideally, it acts as a perfect voltage source that can drive any load, implying zero output impedance.",EE2101_CIRCUIT_ANALYSIS_LECTURE_4_V1(1).pdf,2
403,4,Ideal Op-Amp Open Loop Gain:,1,100,Infinite,Infinite,Ideally infinite gain allows negative feedback to precisely control the closed-loop gain.,EE2101_CIRCUIT_ANALYSIS_LECTURE_4_V1(1).pdf,7
404,4,Virtual Short concept implies:,V+ = V-,V+ = 0,Inputs are shorted to ground,V+ = V-,"Negative feedback forces the differential input voltage to zero, so V+ ≈ V-.",EE2101_CIRCUIT_ANALYSIS_LECTURE_4_V1(1).pdf,1
405,4,Virtual Ground occurs when:,Non-inverting input is grounded,Inverting input is grounded,Output is grounded,Non-inverting input is grounded,V- follows V+ (0V).,EE2101_CIRCUIT_ANALYSIS_LECTURE_4_V1(1).pdf,1
406,4,Inverting Amplifier Gain:,-Rf/Rin,1 + Rf/Rin,Rf/Rin,-Rf/Rin,Standard formula.,EE2101_CIRCUIT_ANALYSIS_LECTURE_4_V1(1).pdf,1
407,4,Non-Inverting Amplifier Gain:,-Rf/Rin,1 + Rf/Rin,1,1 + Rf/Rin,Standard formula.,EE2101_CIRCUIT_ANALYSIS_LECTURE_4_V1(1).pdf,1
408,4,Voltage Follower Gain:,1,-1,Infinite,1,Buffer.,EE2101_CIRCUIT_ANALYSIS_LECTURE_4_V1(1).pdf,2
409,4,Why use a Voltage Follower?,Impedance matching/Buffering,Amplification,Inversion,Impedance matching/Buffering,"High Zin, Low Zout.",EE2101_CIRCUIT_ANALYSIS_LECTURE_4_V1(1).pdf,2
410,4,Summing Amplifier is based on:,KCL at inverting node,KVL at output,Ohm's law only,KCL at inverting node,Currents sum up.,EE2101_CIRCUIT_ANALYSIS_LECTURE_4_V1(1).pdf,1
411,4,Difference Amplifier measures:,V2 - V1,V2 + V1,V1 * V2,V2 - V1,Subtracts inputs.,EE2101_CIRCUIT_ANALYSIS_LECTURE_4_V1(1).pdf,1
412,4,CMRR stands for:,Common Mode Rejection Ratio,Current Mode Ratio,Common Mode Resistance,Common Mode Rejection Ratio,Ability to reject noise.,EE2101_CIRCUIT_ANALYSIS_LECTURE_4_V1(1).pdf,1
413,4,Ideal CMRR is:,0,1,Infinite,Infinite,Rejects common signals perfectly.,EE2101_CIRCUIT_ANALYSIS_LECTURE_4_V1(1).pdf,2
414,4,Slew Rate is limit on:,Rate of change of Vout,Current output,Input voltage,Rate of change of Vout,Speed of response (V/us).,EE2101_CIRCUIT_ANALYSIS_LECTURE_4_V1(1).pdf,1
415,4,Integrator circuit uses:,C in feedback,L in feedback,R in feedback,C in feedback,Vout = -1/RC integral(Vin).,EE2101_CIRCUIT_ANALYSIS_LECTURE_4_V1(1).pdf,3
416,4,Differentiator circuit uses:,C in input,C in feedback,L in input,C in input,Vout = -RC dVin/dt.,EE2101_CIRCUIT_ANALYSIS_LECTURE_4_V1(1).pdf,3
417,4,Op-Amp Comparator output is:,Linear,Saturated (Rail to Rail),Zero,Saturated (Rail to Rail),Switches between Vcc and Vee.,EE2101_CIRCUIT_ANALYSIS_LECTURE_4_V1(1).pdf,7
418,4,Schmitt Trigger adds:,Hysteresis,Gain,Bandwidth,Hysteresis,Positive feedback.,EE2101_CIRCUIT_ANALYSIS_LECTURE_4_V1(1).pdf,1
419,4,Negative feedback improves:,Stability and Bandwidth,Gain,Noise,Stability and Bandwidth,Trades gain for performance.,EE2101_CIRCUIT_ANALYSIS_LECTURE_4_V1(1).pdf,1
420,4,Positive feedback causes:,Oscillation/Saturation,Stability,Filtering,Oscillation/Saturation,Used in oscillators.,EE2101_CIRCUIT_ANALYSIS_LECTURE_4_V1(1).pdf,1
421,4,Gain-Bandwidth Product (GBP) is:,Constant,Variable,Zero,Constant,For a given op-amp.,EE2101_CIRCUIT_ANALYSIS_LECTURE_4_V1(1).pdf,1
422,4,Input Bias Current is:,Current entering inputs,Current at output,Supply current,Current entering inputs,Non-ideal behavior.,EE2101_CIRCUIT_ANALYSIS_LECTURE_4_V1(1).pdf,2
423,4,Input Offset Voltage causes:,Output error when Vin=0,Gain error,Bandwidth limit,Output error when Vin=0,Internal mismatch.,EE2101_CIRCUIT_ANALYSIS_LECTURE_4_V1(1).pdf,2
424,4,Instrumentation Amplifier has:,High CMRR and Impedance,Low Impedance,Low Gain,High CMRR and Impedance,Precision measurement.,EE2101_CIRCUIT_ANALYSIS_LECTURE_4_V1(1).pdf,1
425,4,Active Filter use:,Op-Amps + RC,L and C only,Transistors only,Op-Amps + RC,Avoids inductors.,EE2101_CIRCUIT_ANALYSIS_LECTURE_4_V1(1).pdf,1
426,4,Butterworth filter characteristic:,Maximally flat passband,Steep roll-off,Ripple in passband,Maximally flat passband,Smooth.,EE2101_CIRCUIT_ANALYSIS_LECTURE_4_V1(1).pdf,1
427,4,Chebyshev filter characteristic:,Ripple in passband,Flat passband,Linear phase,Ripple in passband,Steeper roll-off.,EE2101_CIRCUIT_ANALYSIS_LECTURE_4_V1(1).pdf,1
428,4,Sallen-Key topology is:,Active filter,Oscillator,Amplifier,Active filter,Common 2nd order block.,EE2101_CIRCUIT_ANALYSIS_LECTURE_4_V1(1).pdf,1
429,4,Op-Amp supply rails determine:,Max output swing,Gain,Bandwidth,Max output swing,Cannot exceed Vcc/Vee.,EE2101_CIRCUIT_ANALYSIS_LECTURE_4_V1(1).pdf,7
430,4,Single supply op-amp needs:,Virtual ground biasing,Negative rail,AC only,Virtual ground biasing,Usually at Vcc/2.,EE2101_CIRCUIT_ANALYSIS_LECTURE_4_V1(1).pdf,7
431,4,PSRR stands for:,Power Supply Rejection Ratio,Phase Shift Ratio,Power Source Ratio,Power Supply Rejection Ratio,Immunity to supply ripple.,EE2101_CIRCUIT_ANALYSIS_LECTURE_4_V1(1).pdf,1
432,4,Ground loop causes:,Noise/Hum,Gain increase,Offset,Noise/Hum,Current flow in ground.,EE2101_CIRCUIT_ANALYSIS_LECTURE_4_V1(1).pdf,1
433,4,Decoupling capacitors are placed:,Near power pins,At input,At output,Near power pins,Stabilize supply.,EE2101_CIRCUIT_ANALYSIS_LECTURE_4_V1(1).pdf,2
434,4,Output short circuit protection:,Limits current,Limits voltage,Stops op-amp,Limits current,Safety feature.,EE2101_CIRCUIT_ANALYSIS_LECTURE_4_V1(1).pdf,3
435,4,Thermal shutdown occurs if:,Op-Amp gets too hot,Input is too high,Output is zero,Op-Amp gets too hot,Safety.,EE2101_CIRCUIT_ANALYSIS_LECTURE_4_V1(1).pdf,1
436,4,Transimpedance amplifier converts:,Current to Voltage,Voltage to Current,R to C,Current to Voltage,I-V converter.,EE2101_CIRCUIT_ANALYSIS_LECTURE_4_V1(1).pdf,1
437,4,Transconductance amplifier converts:,Voltage to Current,Current to Voltage,R to L,Voltage to Current,V-I converter (OTA).,EE2101_CIRCUIT_ANALYSIS_LECTURE_4_V1(1).pdf,1
438,4,Log amplifier uses:,Diode/BJT in feedback,Capacitor,Resistor,Diode/BJT in feedback,Logarithmic IV curve.,EE2101_CIRCUIT_ANALYSIS_LECTURE_4_V1(1).pdf,1
439,4,Precision rectifier overcomes:,Diode voltage drop,Reverse leakage,Speed limit,Diode voltage drop,Ideal diode behavior.,EE2101_CIRCUIT_ANALYSIS_LECTURE_4_V1(1).pdf,1
440,4,Window comparator detects:,If voltage is within range,If voltage is positive,Peak voltage,If voltage is within range,Two limits.,EE2101_CIRCUIT_ANALYSIS_LECTURE_4_V1(1).pdf,1
441,4,Sample and Hold circuit uses:,Switch and Capacitor,Inductor,Resistor,Switch and Capacitor,Stores voltage.,EE2101_CIRCUIT_ANALYSIS_LECTURE_4_V1(1).pdf,3
442,4,Peak detector stores:,Max voltage,Average voltage,RMS voltage,Max voltage,Using diode and C.,EE2101_CIRCUIT_ANALYSIS_LECTURE_4_V1(1).pdf,1
443,4,Zero crossing detector switches when:,Input crosses 0V,Input is max,Output is 0,Input crosses 0V,Phase detection.,EE2101_CIRCUIT_ANALYSIS_LECTURE_4_V1(1).pdf,1
444,4,Relaxation oscillator uses:,RC charging + Hysteresis,LC tank,Crystal,RC charging + Hysteresis,Square wave gen.,EE2101_CIRCUIT_ANALYSIS_LECTURE_4_V1(1).pdf,1
445,4,Wien Bridge oscillator produces:,Sine wave,Square wave,Triangle wave,Sine wave,Audio freq.,EE2101_CIRCUIT_ANALYSIS_LECTURE_4_V1(1).pdf,1
446,4,Phase shift oscillator uses:,RC network,LC tank,Quartz,RC network,180 deg shift.,EE2101_CIRCUIT_ANALYSIS_LECTURE_4_V1(1).pdf,10
447,4,Triangle wave generator integrates:,Square wave,Sine wave,Ramp,Square wave,Linear charge.,EE2101_CIRCUIT_ANALYSIS_LECTURE_4_V1(1).pdf,1
448,4,Multivibrator stable states (Bi-stable):,2,1,0,2,Flip-flop.,EE2101_CIRCUIT_ANALYSIS_LECTURE_4_V1(1).pdf,1
449,4,Monostable multivibrator is a:,One-shot timer,Clock,Memory,One-shot timer,One stable state.,EE2101_CIRCUIT_ANALYSIS_LECTURE_4_V1(1).pdf,1
450,4,Astable multivibrator is a:,Oscillator (Clock),Timer,Switch,Oscillator (Clock),No stable states.,EE2101_CIRCUIT_ANALYSIS_LECTURE_4_V1(1).pdf,1
501,5,Laplace transform converts:,Time domain to s-domain,Freq to Time,Time to Discrete,Time domain to s-domain,Differential eqn to Algebra.,EE2101_CIRCUIT_ANALYSIS_LECTURE_7_V3.pdf,11
502,5,Variable 's' is:,Complex frequency (sigma + jw),Real freq,Time,Complex frequency (sigma + jw),Definition.,EE2101_CIRCUIT_ANALYSIS_LECTURE_7_V3.pdf,1
503,5,L{delta(t)} (Impulse) is:,1,1/s,s,1,Flat spectrum.,EE2101_CIRCUIT_ANALYSIS_LECTURE_7_V3.pdf,13
504,5,L{u(t)} (Step) is:,1/s,1,1/s^2,1/s,Integration.,EE2101_CIRCUIT_ANALYSIS_LECTURE_7_V3.pdf,13
505,5,L{e^-at} is:,1/(s+a),1/(s-a),s+a,1/(s+a),Exponential decay.,EE2101_CIRCUIT_ANALYSIS_LECTURE_7_V3.pdf,1
506,5,L{sin(wt)} is:,w / (s^2 + w^2),s / (s^2 + w^2),1 / (s^2 + w^2),w / (s^2 + w^2),Standard pair.,EE2101_CIRCUIT_ANALYSIS_LECTURE_7_V3.pdf,21
507,5,L{cos(wt)} is:,s / (s^2 + w^2),w / (s^2 + w^2),s / (s+w),s / (s^2 + w^2),Standard pair.,EE2101_CIRCUIT_ANALYSIS_LECTURE_7_V3.pdf,16
508,5,L{t} (Ramp) is:,1/s^2,1/s,2/s^3,1/s^2,Integration of step.,EE2101_CIRCUIT_ANALYSIS_LECTURE_7_V3.pdf,1
509,5,Differentiation in time L{df/dt} corresponds to:,sF(s) - f(0),F(s)/s,sF(s),sF(s) - f(0),Frequency derivative.,EE2101_CIRCUIT_ANALYSIS_LECTURE_7_V3.pdf,2
510,5,Integration in time L{integral f} corresponds to:,F(s)/s,sF(s),F(s),F(s)/s,Frequency integration.,EE2101_CIRCUIT_ANALYSIS_LECTURE_7_V3.pdf,2
511,5,Final Value Theorem applies if:,Poles are in LHP (stable),Poles in RHP,Anytime,Poles are in LHP (stable),System must settle.,EE2101_CIRCUIT_ANALYSIS_LECTURE_7_V3.pdf,20
512,5,Initial Value Theorem gives f(0) from:,lim s->inf sF(s),lim s->0 sF(s),F(0),lim s->inf sF(s),High freq behavior.,EE2101_CIRCUIT_ANALYSIS_LECTURE_7_V3.pdf,2
513,5,Shift in time f(t-a)u(t-a) corresponds to:,e^-as F(s),e^as F(s),F(s-a),e^-as F(s),Time delay.,EE2101_CIRCUIT_ANALYSIS_LECTURE_7_V3.pdf,20
514,5,Shift in frequency F(s+a) corresponds to:,e^-at f(t),f(t-a),e^at f(t),e^-at f(t),Modulation/Damping.,EE2101_CIRCUIT_ANALYSIS_LECTURE_7_V3.pdf,5
515,5,Convolution f * g corresponds to:,F(s) * G(s),F(s) + G(s),F(s) / G(s),F(s) * G(s),Multiplication in s.,EE2101_CIRCUIT_ANALYSIS_LECTURE_7_V3.pdf,7
516,5,Transfer Function H(s) is:,Y(s) / X(s),X(s) / Y(s),Y(s) * X(s),Y(s) / X(s),Output over Input.,EE2101_CIRCUIT_ANALYSIS_LECTURE_7_V3.pdf,2
517,5,Region of Convergence (ROC) relates to:,Existence of Transform,Amplitude,Phase,Existence of Transform,Integral convergence.,EE2101_CIRCUIT_ANALYSIS_LECTURE_7_V3.pdf,1
518,5,Inverse Laplace is found via:,Partial Fraction Expansion,Differentiation,Integration,Partial Fraction Expansion,Break down into known pairs.,EE2101_CIRCUIT_ANALYSIS_LECTURE_7_V3.pdf,11
519,5,Resistor in s-domain:,R,sR,1/sR,R,No frequency dependence.,EE2101_CIRCUIT_ANALYSIS_LECTURE_7_V3.pdf,2
520,5,Inductor in s-domain (zero init):,sL,1/sL,L,sL,Impedance.,EE2101_CIRCUIT_ANALYSIS_LECTURE_7_V3.pdf,11
521,5,Capacitor in s-domain (zero init):,1/sC,sC,C,1/sC,Impedance.,EE2101_CIRCUIT_ANALYSIS_LECTURE_7_V3.pdf,11
522,5,Impulse response h(t) is inverse Laplace of:,Transfer function H(s),Input X(s),Output Y(s),Transfer function H(s),Input is 1.,EE2101_CIRCUIT_ANALYSIS_LECTURE_7_V3.pdf,11
523,5,Stability is determined by:,Poles,Zeros,Gain,Poles,Denominator roots.,EE2101_CIRCUIT_ANALYSIS_LECTURE_7_V3.pdf,3
524,5,System is stable if poles are in:,Left Half Plane,Right Half Plane,Imaginary Axis,Left Half Plane,Decaying exponentials.,EE2101_CIRCUIT_ANALYSIS_LECTURE_7_V3.pdf,3
525,5,Marginal stability occurs if poles are on:,Imaginary Axis (simple),Real Axis,RHP,Imaginary Axis (simple),Oscillatory constant.,EE2101_CIRCUIT_ANALYSIS_LECTURE_7_V3.pdf,3
526,5,Zeros of H(s) affect:,Amplitude/Phase,Stability,DC gain only,Amplitude/Phase,Blocks frequencies.,EE2101_CIRCUIT_ANALYSIS_LECTURE_7_V3.pdf,3
527,5,DC Gain is found by setting s to:,0,Infinity,1,0,Zero frequency.,EE2101_CIRCUIT_ANALYSIS_LECTURE_7_V3.pdf,1
528,5,High frequency gain is s ->:,Infinity,0,1,Infinity,Limit.,EE2101_CIRCUIT_ANALYSIS_LECTURE_7_V3.pdf,5
529,5,Order of system is:,Highest power of s in denominator,Number of zeros,Number of inputs,Highest power of s in denominator,Number of states.,EE2101_CIRCUIT_ANALYSIS_LECTURE_7_V3.pdf,2
530,5,Proper transfer function has:,Deg(Num) <= Deg(Den),Deg(Num) > Deg(Den),No poles,Deg(Num) <= Deg(Den),Realizable.,EE2101_CIRCUIT_ANALYSIS_LECTURE_7_V3.pdf,2
531,5,Step response is integral of:,Impulse response,Ramp response,Input,Impulse response,Accumulation.,EE2101_CIRCUIT_ANALYSIS_LECTURE_7_V3.pdf,13
532,5,Pole at origin (1/s) represents:,Integrator,Differentiator,Gain,Integrator,Accumulator.,EE2101_CIRCUIT_ANALYSIS_LECTURE_7_V3.pdf,3
533,5,Zero at origin (s) represents:,Differentiator,Integrator,Delay,Differentiator,Slope.,EE2101_CIRCUIT_ANALYSIS_LECTURE_7_V3.pdf,3
534,5,Complex conjugate poles result in:,Oscillation,Exponential decay only,Instability,Oscillation,Sinusoidal component.,EE2101_CIRCUIT_ANALYSIS_LECTURE_7_V3.pdf,3
535,5,Unilateral Laplace Transform integrates from:,0- to Infinity,-Inf to Inf,0 to T,0- to Infinity,Causal systems.,EE2101_CIRCUIT_ANALYSIS_LECTURE_7_V3.pdf,11
536,5,Bilinear transform maps s-plane to:,z-plane,t-domain,w-plane,z-plane,Digital control.,EE2101_CIRCUIT_ANALYSIS_LECTURE_7_V3.pdf,11
537,5,Initial energy in L is modeled as:,Current source in parallel,Voltage source in parallel,Resistor,Current source in parallel,With 1/sL impedance.,EE2101_CIRCUIT_ANALYSIS_LECTURE_7_V3.pdf,11
538,5,Initial voltage on C is modeled as:,Voltage source in series,Current source in series,Resistor,Voltage source in series,V/s source.,EE2101_CIRCUIT_ANALYSIS_LECTURE_7_V3.pdf,11
539,5,Residue theorem is used for:,Inverse Laplace,Forward Laplace,Stability,Inverse Laplace,PFE coefficients.,EE2101_CIRCUIT_ANALYSIS_LECTURE_7_V3.pdf,20
540,5,"Cascaded blocks H1, H2 total generic:",H1 * H2,H1 + H2,H1 / H2,H1 * H2,Multiplication.,EE2101_CIRCUIT_ANALYSIS_LECTURE_7_V3.pdf,1
541,5,"Parallel blocks H1, H2 total:",H1 + H2,H1 * H2,H1 - H2,H1 + H2,Summation.,EE2101_CIRCUIT_ANALYSIS_LECTURE_7_V3.pdf,1
542,5,Feedback system transfer function:,G / (1 + GH),G * H,G + H,G / (1 + GH),Black's formula.,EE2101_CIRCUIT_ANALYSIS_LECTURE_7_V3.pdf,2
543,5,Characteristic equation is:,1 + GH = 0,G = 0,H = 0,1 + GH = 0,Determines poles.,EE2101_CIRCUIT_ANALYSIS_LECTURE_7_V3.pdf,6
544,5,Routh-Hurwitz criterion checks:,Stability,Accuracy,Speed,Stability,Without solving roots.,EE2101_CIRCUIT_ANALYSIS_LECTURE_7_V3.pdf,1
545,5,Root Locus plots movement of:,Poles vs Gain,Zeros vs Time,Response,Poles vs Gain,Design tool.,EE2101_CIRCUIT_ANALYSIS_LECTURE_7_V3.pdf,1
546,5,Bode Plot shows:,Magnitude and Phase vs Freq,Pole locations,Time response,Magnitude and Phase vs Freq,Frequency response.,EE2101_CIRCUIT_ANALYSIS_LECTURE_7_V3.pdf,1
547,5,Decibel (dB) gain is:,20 log(mag),10 log(mag),ln(mag),20 log(mag),Voltage gain.,EE2101_CIRCUIT_ANALYSIS_LECTURE_7_V3.pdf,1
548,5,Low pass filter pole location:,-w_c,0,+w_c,-w_c,Corner frequency.,EE2101_CIRCUIT_ANALYSIS_LECTURE_7_V3.pdf,3
549,5,State space representation uses:,Matrices,Transfer functions only,Graphs,Matrices,ABCD matrices.,EE2101_CIRCUIT_ANALYSIS_LECTURE_7_V3.pdf,1
550,5,Laplace of t*f(t):,-dF/ds,F'(s),sF(s),-dF/ds,Frequency differentiation.,EE2101_CIRCUIT_ANALYSIS_LECTURE_7_V3.pdf,11
601,6,Network function H(s) is ratio of:,Response to Excitation,Excitation to Response,Power to Voltage,Response to Excitation,Output/Input.,EE2101 - W9_Two Port Networks.pdf,105
602,6,Driving point impedance is:,V(s)/I(s) at same port,V2/V1,I2/I1,V(s)/I(s) at same port,Input impedance.,EE2101 - W9_Two Port Networks.pdf,48
603,6,Transfer impedance is:,V_out / I_in,V_in / I_out,V_out / V_in,V_out / I_in,Transimpedance.,EE2101 - W9_Two Port Networks.pdf,48
604,6,Voltage gain function:,V2/V1,I2/I1,V2/I1,V2/V1,Dimensionless.,EE2101 - W9_Two Port Networks.pdf,61
605,6,Poles of H(s) determine:,Natural response/Stability,Magnitude only,Zeros,Natural response/Stability,Time domain form.,EE2101 - W9_Two Port Networks.pdf,99
606,6,Zeros of H(s) determine:,Frequencies blocked,Stability,Decay rate,Frequencies blocked,Transmission zeros.,EE2101 - W9_Two Port Networks.pdf,99
607,6,Reciprocal network implies:,Z12 = Z21,Z11 = Z22,Z11 = 0,Z12 = Z21,Swap input/output.,EE2101 - W9_Two Port Networks.pdf,93
608,6,Symmetrical network implies:,Z11 = Z22,Z12 = 0,Z21 = 1,Z11 = Z22,Input/Output ports identical.,EE2101 - W9_Two Port Networks.pdf,93
609,6,Z-parameters are:,Impedance parameters,Admittance parameters,Hybrid,Impedance parameters,Open circuit Z.,EE2101 - W9_Two Port Networks.pdf,84
610,6,Y-parameters are:,Admittance parameters,Impedance parameters,Transmission,Admittance parameters,Short circuit Y.,EE2101 - W9_Two Port Networks.pdf,84
611,6,h-parameters are:,Hybrid parameters,High parameters,Heat parameters,Hybrid parameters,Mixed units.,EE2101 - W9_Two Port Networks.pdf,84
612,6,ABCD parameters are:,Transmission parameters,Gain parameters,Scatter,Transmission parameters,Chain parameters.,EE2101 - W9_Two Port Networks.pdf,84
613,6,Condition for reciprocity in ABCD:,AD - BC = 1,A = D,B = C,AD - BC = 1,Determinant is 1.,EE2101 - W9_Two Port Networks.pdf,95
614,6,Condition for symmetry in ABCD:,A = D,B = C,AD - BC = 0,A = D,Input/Output match.,EE2101 - W9_Two Port Networks.pdf,102
615,6,Z11 is measured with:,Port 2 Open,Port 2 Short,Port 1 Short,Port 2 Open,Input impedance open.,EE2101 - W9_Two Port Networks.pdf,1
616,6,Y11 is measured with:,Port 2 Short,Port 2 Open,Port 1 Open,Port 2 Short,Input admittance short.,EE2101 - W9_Two Port Networks.pdf,1
617,6,h21 represents:,Forward Current Gain,Input Impedance,Output Admittance,Forward Current Gain,Current ratio.,EE2101 - W9_Two Port Networks.pdf,1
618,6,g-parameters are inverse of:,h-parameters,z-parameters,y-parameters,h-parameters,Inverse hybrid.,EE2101 - W9_Two Port Networks.pdf,84
619,6,T-network is equivalent to:,Y-network (Star),Pi-network (Delta),Bridge,Y-network (Star),Topology.,EE2101 - W9_Two Port Networks.pdf,105
620,6,Pi-network is equivalent to:,Delta,Star,Series,Delta,Topology.,EE2101 - W9_Two Port Networks.pdf,105
621,6,Interconnection of Z-params in series:,Z_eq = Z_a + Z_b,Z_eq = Z_a * Z_b,Z_eq = Z_a || Z_b,Z_eq = Z_a + Z_b,Matrices add.,EE2101 - W9_Two Port Networks.pdf,105
622,6,Interconnection of Y-params in parallel:,Y_eq = Y_a + Y_b,Y_eq = Y_a * Y_b,Inverse,Y_eq = Y_a + Y_b,Matrices add.,EE2101 - W9_Two Port Networks.pdf,105
623,6,Cascade connection uses:,ABCD parameters,Z parameters,h parameters,ABCD parameters,Matrix multiplication.,EE2101 - W9_Two Port Networks.pdf,105
624,6,Image impedance matches:,Source and Load for symmetry,Only Source,Only Load,Source and Load for symmetry,Iterative impedance.,EE2101 - W9_Two Port Networks.pdf,48
625,6,Bartlett's Bisection Theorem finds:,Lattice equivalents,Poles,Gain,Lattice equivalents,Symmetric networks.,EE2101 - W9_Two Port Networks.pdf,1
626,6,"Ideally, passband attenuation is:",0 dB,3 dB,Infinite,0 dB,No loss.,EE2101 - W9_Two Port Networks.pdf,72
627,6,Stopband attenuation should include:,Infinite attenuation,0 dB,Gain,Infinite attenuation,Total block.,EE2101 - W9_Two Port Networks.pdf,72
628,6,Cutoff frequency is defined at:,-3 dB power point,-10 dB,0 dB,-3 dB power point,Half power.,EE2101 - W9_Two Port Networks.pdf,1
629,6,Quality factor Q of bandpass filter:,Center freq / Bandwidth,Bandwidth / Center freq,Gain / Freq,Center freq / Bandwidth,Selectivity.,EE2101 - W9_Two Port Networks.pdf,48
630,6,Sensitivity analysis measures:,Change in H per change in element,Input limit,Noise,Change in H per change in element,Robustness.,EE2101 - W9_Two Port Networks.pdf,139
631,6,Hurwitz polynomial has roots in:,LHP only,RHP only,Anywhere,LHP only,Stable denominator.,EE2101 - W9_Two Port Networks.pdf,1
632,6,Positive Real Function (PRF) represents:,Passive driving point impedance,Active gain,Unstable system,Passive driving point impedance,Real parts > 0.,EE2101 - W9_Two Port Networks.pdf,35
633,6,Bott-Duffin synthesis avoids:,Transformers,Capacitors,Resistors,Transformers,Realization technique.,EE2101 - W9_Two Port Networks.pdf,48
634,6,Foster Form I involves:,Partial fraction of Z(s),Continued fraction,Product,Partial fraction of Z(s),Series LC tanks.,EE2101 - W9_Two Port Networks.pdf,11
635,6,Cauer Form I involves:,Continued fraction expansion,Partial fraction,Sum,Continued fraction expansion,Ladder network.,EE2101 - W9_Two Port Networks.pdf,11
636,6,Constant K filter is a:,Prototype filter,Active filter,Digital filter,Prototype filter,Image parameter method.,EE2101 - W9_Two Port Networks.pdf,48
637,6,m-derived filter improves:,Rolloff steepness,Passband,Gain,Rolloff steepness,Sharper cutoff.,EE2101 - W9_Two Port Networks.pdf,48
638,6,Attenuator is a:,Resistive network to reduce signal,Amplifier,Filter,Resistive network to reduce signal,Fixed loss.,EE2101 - W9_Two Port Networks.pdf,1
639,6,Unit of attenuation:,Neper or Decibel,Watt,Henry,Neper or Decibel,Log ratios.,EE2101 - W9_Two Port Networks.pdf,72
640,6,Scattering parameters (S-params) used for:,RF/Microwave,DC,Audio,RF/Microwave,Wave reflections.,EE2101 - W9_Two Port Networks.pdf,84
641,6,S11 represents:,Input reflection coefficient,Forward gain,Output match,Input reflection coefficient,Return loss.,EE2101 - W9_Two Port Networks.pdf,1
642,6,S21 represents:,Forward transmission gain,Reverse isolation,Reflection,Forward transmission gain,Throughput.,EE2101 - W9_Two Port Networks.pdf,1
643,6,Conversion Z to Y:,Inverse matrix,Transpose,Identity,Inverse matrix,[Y] = [Z]^-1.,EE2101 - W9_Two Port Networks.pdf,1
644,6,Determinant of Z-matrix Delta_Z is:,Z11Z22 - Z12Z21,Z11+Z22,Z11*Z22,Z11Z22 - Z12Z21,Standard det.,EE2101 - W9_Two Port Networks.pdf,128
645,6,Input impedance in terms of ABCD:,(A Zl + B) / (C Zl + D),A Zl,B / D,(A Zl + B) / (C Zl + D),Transmission eqn.,EE2101 - W9_Two Port Networks.pdf,48
646,6,Gyrator is a:,Non-reciprocal device,Resistor,Capacitor,Non-reciprocal device,Simulates inductance.,EE2101 - W9_Two Port Networks.pdf,1
647,6,NIC (Negative Impedance Converter) converts:,Z to -Z,R to C,V to I,Z to -Z,Active circuit.,EE2101 - W9_Two Port Networks.pdf,48
648,6,All-pass filter affects:,Phase only,Amplitude only,Neither,Phase only,Flat gain.,EE2101 - W9_Two Port Networks.pdf,48
649,6,Notch filter rejects:,Specific narrow band,Low freq,High freq,Specific narrow band,Band stop.,EE2101 - W9_Two Port Networks.pdf,48
650,6,Equalizer corrects:,Frequency response distortion,DC offset,Power factor,Frequency response distortion,Flattens response.,EE2101 - W9_Two Port Networks.pdf,1
701,7,DC stands for:,Direct Current,Digital Current,Dual Current,Direct Current,Constant polarity.,EE2101 - W10_Sinusoids and Phasors.pdf,1
702,7,AC stands for:,Alternating Current,Active Current,Analog Current,Alternating Current,Changing polarity.,EE2101 - W10_Sinusoids and Phasors.pdf,1
703,7,Frequency of DC is:,0 Hz,50 Hz,Infinite,0 Hz,No change over time.,EE2101 - W10_Sinusoids and Phasors.pdf,63
704,7,"In an AC system, frequency represents:",Cycles per second,Amplitude variation,Phase shift,Cycles per second,Definition of Hz.,EE2101 - W10_Sinusoids and Phasors.pdf,63
705,7,Period T of a waveform is related to frequency f by:,T = 1/f,T = f,T = 2f,T = 1/f,Inverse relationship.,EE2101 - W10_Sinusoids and Phasors.pdf,63
706,7,RMS stands for:,Root Mean Square,Real Mean Sum,Rated Max Speed,Root Mean Square,Effective DC value.,EE2101 - W10_Sinusoids and Phasors.pdf,22
707,7,RMS value of sine wave with peak Vm:,Vm / sqrt(2),Vm * sqrt(2),Vm / 2,Vm / sqrt(2),0.707 * Vm.,EE2101 - W10_Sinusoids and Phasors.pdf,22
708,7,Average value of full sine wave over one period:,0,Vm,Vm/2,0,Positive cancels negative.,EE2101 - W10_Sinusoids and Phasors.pdf,2
709,7,Average value of half-wave rectified sine:,Vm / pi,2Vm / pi,0,Vm / pi,DC component.,EE2101 - W10_Sinusoids and Phasors.pdf,7
710,7,Form factor is ratio of:,RMS to Average,Peak to RMS,RMS to Peak,RMS to Average,Waveform shape metric.,EE2101 - W10_Sinusoids and Phasors.pdf,42
711,7,Crest factor is ratio of:,Peak to RMS,RMS to Average,Average to Peak,Peak to RMS,Peakiness.,EE2101 - W10_Sinusoids and Phasors.pdf,42
712,7,Impedance Z is vector sum of:,Resistance and Reactance,R and L,V and I,Resistance and Reactance,Z = R + jX.,EE2101 - W10_Sinusoids and Phasors.pdf,82
713,7,Real power P unit:,Watt (W),VAR,VA,Watt (W),Active power.,EE2101 - W10_Sinusoids and Phasors.pdf,31
714,7,Reactive power Q unit:,Volt-Ampere Reactive (VAR),Watt,Joule,Volt-Ampere Reactive (VAR),Stored/returned power.,EE2101 - W10_Sinusoids and Phasors.pdf,5
715,7,Apparent power S unit:,Volt-Ampere (VA),Watt,VAR,Volt-Ampere (VA),Total power magnitude.,EE2101 - W10_Sinusoids and Phasors.pdf,5
716,7,Power Factor (PF) is:,P / S (Real/Apparent),Q / S,S / P,P / S (Real/Apparent),cos(theta).,EE2101 - W10_Sinusoids and Phasors.pdf,5
717,7,PF is also equal to:,cos(impedance angle),sin(angle),tan(angle),cos(impedance angle),Time shift cosine.,EE2101 - W10_Sinusoids and Phasors.pdf,68
718,7,"For purely resistive load, PF is:",1 (Unity),0,0.5,1 (Unity),V and I in phase.,EE2101 - W10_Sinusoids and Phasors.pdf,1
719,7,"For purely inductive load, PF is:",0 Lagging,0 Leading,1,0 Lagging,Current lags voltage.,EE2101 - W10_Sinusoids and Phasors.pdf,55
720,7,"For purely capacitive load, PF is:",0 Leading,0 Lagging,1,0 Leading,Current leads voltage.,EE2101 - W10_Sinusoids and Phasors.pdf,55
721,7,Resonance occurs when:,Xl = Xc,R = 0,Z = infinity,Xl = Xc,Reactances cancel.,EE2101 - W10_Sinusoids and Phasors.pdf,1
722,7,"At series resonance, Impedance is:",Minimum (R),Maximum,Zero,Minimum (R),Series LC short.,EE2101 - W10_Sinusoids and Phasors.pdf,67
723,7,"At parallel resonance, Impedance is:",Maximum,Minimum,Zero,Maximum,Tank circuit open.,EE2101 - W10_Sinusoids and Phasors.pdf,67
724,7,Phasor representation requires:,Same frequency,Same amplitude,DC,Same frequency,Rotating vectors.,EE2101 - W10_Sinusoids and Phasors.pdf,21
725,7,Phasor length represents:,RMS or Peak value,Frequency,Phase,RMS or Peak value,Magnitude.,EE2101 - W10_Sinusoids and Phasors.pdf,21
726,7,Phase angle represents:,Time shift,Frequency shift,Amplitude shift,Time shift,Relative timing.,EE2101 - W10_Sinusoids and Phasors.pdf,18
727,7,Complex power S is:,V_rms * conj(I_rms),V * I,P + Q,V_rms * conj(I_rms),S = P + jQ.,EE2101 - W10_Sinusoids and Phasors.pdf,24
728,7,Skin effect causes resistance to:,Increase with frequency,Decrease with frequency,Stay constant,Increase with frequency,Current crowds surface.,EE2101 - W10_Sinusoids and Phasors.pdf,55
729,7,DC can be transformed by:,Chopper/Converter,Transformer,Capacitor,Chopper/Converter,Review DC-DC.,EE2101 - W10_Sinusoids and Phasors.pdf,1
730,7,Transformers work only with:,AC,DC,Static electricity,AC,Need changing flux.,EE2101 - W10_Sinusoids and Phasors.pdf,64
731,7,Rectifier converts:,AC to DC,DC to AC,AC to AC,AC to DC,Diode bridge.,EE2101 - W10_Sinusoids and Phasors.pdf,1
732,7,Inverter converts:,DC to AC,AC to DC,DC to DC,DC to AC,Solar/Battery app.,EE2101 - W10_Sinusoids and Phasors.pdf,1
733,7,Triac controls:,AC power,DC power,Logic,AC power,Bidirectional switch.,EE2101 - W10_Sinusoids and Phasors.pdf,1
734,7,Capacitor in DC circuit is:,Open (after charge),Short,Source,Open (after charge),Blocks DC.,EE2101 - W10_Sinusoids and Phasors.pdf,4
735,7,Inductor in DC circuit is:,Short (wire),Open,Resistor,Short (wire),Passes DC.,EE2101 - W10_Sinusoids and Phasors.pdf,4
736,7,Why AC for transmission?,Easy voltage step up/down,Safer,Faster electrons,Easy voltage step up/down,Reduced losses.,EE2101 - W10_Sinusoids and Phasors.pdf,1
737,7,Corona loss occurs in:,High voltage AC lines,DC low voltage,Batteries,High voltage AC lines,Ionization.,EE2101 - W10_Sinusoids and Phasors.pdf,1
738,7,Ferranti effect causes:,Receiving end V > Sending end V,Voltage drop,Frequency drop,Receiving end V > Sending end V,Load line capacitance.,EE2101 - W10_Sinusoids and Phasors.pdf,1
739,7,Power factor correction uses:,Capacitor banks,Inductors,Resistors,Capacitor banks,Offset inductive lag.,EE2101 - W10_Sinusoids and Phasors.pdf,5
740,7,Joule heating formula:,I^2 R t,V I,C V^2,I^2 R t,Heat energy.,EE2101 - W10_Sinusoids and Phasors.pdf,1
741,7,Max value of sine is at:,90 degrees,0 degrees,180 degrees,90 degrees,Peak.,EE2101 - W10_Sinusoids and Phasors.pdf,7
742,7,Derivative of sine is:,Cosine,-Cosine,Sine,Cosine,Inductive voltage.,EE2101 - W10_Sinusoids and Phasors.pdf,16
743,7,Admittance Y is:,1/Z,1/R,Z^2,1/Z,Inverse impedance.,EE2101 - W10_Sinusoids and Phasors.pdf,53
744,7,Susceptance B is imaginary part of:,Admittance,Impedance,Power,Admittance,Y = G + jB.,EE2101 - W10_Sinusoids and Phasors.pdf,31
745,7,Harmonics are multiples of:,Fundamental frequency,DC,Amplitude,Fundamental frequency,Distortion.,EE2101 - W10_Sinusoids and Phasors.pdf,1
746,7,Total Harmonic Distortion (THD) measures:,Waveform purity,Power,Phase,Waveform purity,Ratio of harmonics.,EE2101 - W10_Sinusoids and Phasors.pdf,1
747,7,Square wave RMS is:,Peak value,Peak/sq(2),0,Peak value,Area/Time.,EE2101 - W10_Sinusoids and Phasors.pdf,22
748,7,Symmetrical components used for:,Unbalanced polyphase,DC,Single phase,Unbalanced polyphase,Fortescue.,EE2101 - W10_Sinusoids and Phasors.pdf,60
749,7,Kirchhoff laws in AC apply to:,Phasors/Instantaneous values,RMS values only,Amplitudes only,Phasors/Instantaneous values,Vector sum.,EE2101 - W10_Sinusoids and Phasors.pdf,63
750,7,Bandwidth of RLC circuit depends on:,Resistance,Source V,Time,Resistance,"Higher R -> Wider (in parallel), Narrower (in series).",EE2101 - W10_Sinusoids and Phasors.pdf,4
801,8,Standard phase shift in 3-phase:,120 degrees,90 degrees,180 degrees,120 degrees,Phases are separated by 360° / 3 = 120° for balanced operation.,EE2101 - W13_Three-Phase Circuits.pdf,7
802,8,Sequence ABC is:,Positive Sequence,Negative Sequence,Zero Sequence,Positive Sequence,Standard rotation.,EE2101 - W13_Three-Phase Circuits.pdf,82
803,8,Sequence CBA is:,Negative Sequence,Positive Sequence,Zero Sequence,Negative Sequence,Reverse rotation.,EE2101 - W13_Three-Phase Circuits.pdf,82
804,8,Wye (Star) connection symbol:,Y,Delta,Pi,Y,Shape.,EE2101 - W13_Three-Phase Circuits.pdf,20
805,8,Delta (Mesh) connection symbol:,Triangle,Y,T,Triangle,Greek Delta.,EE2101 - W13_Three-Phase Circuits.pdf,20
806,8,"In balanced Y, Line Voltage = ?",sq(3) * Phase Voltage,Phase Voltage,3 * Phase Voltage,sq(3) * Phase Voltage,Line voltage V_L = √3 × V_ph and leads by 30°.,EE2101 - W13_Three-Phase Circuits.pdf,7
807,8,"In balanced Y, Line Current = ?",Phase Current,sq(3) * Phase Current,Phase Current / 3,Phase Current,"In Wye (Y), the line conductor is directly connected to the phase winding, so I_L = I_ph.",EE2101 - W13_Three-Phase Circuits.pdf,7
808,8,"In balanced Delta, Line Voltage = ?",Phase Voltage,sq(3) * Phase Voltage,0,Phase Voltage,"In Delta, the line conductors are connected directly across the phase windings, so V_L = V_ph.",EE2101 - W13_Three-Phase Circuits.pdf,7
809,8,"In balanced Delta, Line Current = ?",sq(3) * Phase Current,Phase Current,Phase Current / sq(3),sq(3) * Phase Current,"Line current is the vector sum of two phase currents, resulting in I_L = √3 × I_ph.",EE2101 - W13_Three-Phase Circuits.pdf,7
810,8,Neutral current in balanced Y system:,Zero,Max,Line Current,Zero,The vector sum of three balanced currents 120° apart is exactly zero.,EE2101 - W13_Three-Phase Circuits.pdf,71
811,8,Total power in balanced 3-phase (Line values):,sq(3) Vl Il cos(theta),3 Vl Il cos(theta),Vl Il,sq(3) Vl Il cos(theta),P = √3 × V_L × I_L × Power Factor.,EE2101 - W13_Three-Phase Circuits.pdf,7
812,8,Total power in balanced 3-phase (Phase values):,3 Vp Ip cos(theta),sq(3) Vp Ip,Vp Ip,3 Vp Ip cos(theta),P = 3 × V_ph × I_ph × Power Factor (Sum of 3 individual phases).,EE2101 - W13_Three-Phase Circuits.pdf,7
813,8,Two-Wattmeter method measures:,Total 3-phase power,Reactive power only,Line voltage,Total 3-phase power,Valid for balanced/unbalanced 3-wire.,EE2101 - W13_Three-Phase Circuits.pdf,81
814,8,One wattmeter reads 0 if PF is:,0.5,1,0,0.5,60 degree phase shift.,EE2101 - W13_Three-Phase Circuits.pdf,30
815,8,Wattmeters read equal if PF is:,1 (Unity),0,0.5,1 (Unity),Resistive load.,EE2101 - W13_Three-Phase Circuits.pdf,86
816,8,Advantages of 3-phase:,"Constant power, less copper",Simpler to wire,Lower voltage,"Constant power, less copper",Efficient transmission.,EE2101 - W13_Three-Phase Circuits.pdf,7
817,8,Instantaneous power in balanced 3-phase is:,Constant (DC like),Pulsating,Zero,Constant (DC like),No vibration in motors.,EE2101 - W13_Three-Phase Circuits.pdf,7
818,8,Phase voltage implies voltage between:,Line and Neutral,Line and Line,Line and Ground,Line and Neutral,In Y-system.,EE2101 - W13_Three-Phase Circuits.pdf,7
819,8,Line voltage implies voltage between:,Line and Line,Line and Neutral,Ground,Line and Line,Standard spec.,EE2101 - W13_Three-Phase Circuits.pdf,7
820,8,"In a balanced 3-phase system, the sum of instantaneous voltages is:",Zero,Maximum,Infinite,Zero,Phasor sum is 0.,EE2101 - W13_Three-Phase Circuits.pdf,7
821,8,The Neutral point in a Star (Y) connection is:,Common point of 3 windings,Line connection,Floating,Common point of 3 windings,Vector sum point.,EE2101 - W13_Three-Phase Circuits.pdf,20
822,8,Grounding (Earthing) is primarily used for:,Safety and Protection,Voltage boosting,Current blocking,Safety and Protection,Prevents shock/fire.,EE2101 - W13_Three-Phase Circuits.pdf,1
823,8,Single phase from 3-phase is obtained via:,Line to Neutral,3 lines combined,Rectifier,Line to Neutral,V_ln.,EE2101 - W13_Three-Phase Circuits.pdf,7
824,8,Alternator rotor is:,Electro-magnet,Resistor,Capacitor,Electro-magnet,Field winding.,EE2101 - W13_Three-Phase Circuits.pdf,9
825,8,Stator carries:,Armature windings (AC),DC field,Commutator,Armature windings (AC),Stationary coils.,EE2101 - W13_Three-Phase Circuits.pdf,9
826,8,Frequency depends on:,Speed and Poles,Voltage,Current,Speed and Poles,f = P*N/120.,EE2101 - W13_Three-Phase Circuits.pdf,5
827,8,Unbalanced load causes:,Neutral current,Zero sequence current,Both A and B,Both A and B,Asymmetry.,EE2101 - W13_Three-Phase Circuits.pdf,71
828,8,Delta connection has no:,Neutral point,Line current,Power,Neutral point,Loop.,EE2101 - W13_Three-Phase Circuits.pdf,20
829,8,Y-Delta transform is also:,T-Pi transform,Star-Mesh,Both,Both,Equivalence.,EE2101 - W13_Three-Phase Circuits.pdf,19
830,8,Zigzag transformer gives:,Grounding reference,Voltage boost,DC,Grounding reference,Earthing transformer.,EE2101 - W13_Three-Phase Circuits.pdf,74
831,8,Third harmonics in 3-phase cancel in:,Delta connection lines,Y connection phases,None,Delta connection lines,Circulate in Delta.,EE2101 - W13_Three-Phase Circuits.pdf,7
832,8,Synchronous motor speed:,Constant,Variable,Zero,Constant,Locked to freq.,EE2101 - W13_Three-Phase Circuits.pdf,70
833,8,Induction motor slip:,Difference between sync and rotor speed,Efficiency,Friction,Difference between sync and rotor speed,Normally 2-5%.,EE2101 - W13_Three-Phase Circuits.pdf,70
834,8,Power factor improvement capacitor is connected in:,Parallel (Shunt),Series,Bridge,Parallel (Shunt),Supplies VARs locally.,EE2101 - W13_Three-Phase Circuits.pdf,80
835,8,V-curve of synchronous motor plots:,Armature current vs Field current,Speed vs Torque,V vs I,Armature current vs Field current,Min current at Unity PF.,EE2101 - W13_Three-Phase Circuits.pdf,70
836,8,Per-unit system normalizes values to:,Base value,100,Grid voltage,Base value,Simplifies calcs.,EE2101 - W13_Three-Phase Circuits.pdf,71
837,8,Fault analysis usually assumes:,Symmetrical components,DC analysis,Steady state,Symmetrical components,For unbalanced faults.,EE2101 - W13_Three-Phase Circuits.pdf,87
838,8,Line-to-Ground fault is:,Most common,Rarest,Most severe,Most common,70-80% of faults.,EE2101 - W13_Three-Phase Circuits.pdf,26
839,8,3-phase Short circuit is:,Most severe (usually),Most common,Zero current,Most severe (usually),Highest magnitude.,EE2101 - W13_Three-Phase Circuits.pdf,7
840,8,Busbar is:,Common connection point,Resistor,Insulator,Common connection point,Node.,EE2101 - W13_Three-Phase Circuits.pdf,1
841,8,Surge impedance loading (SIL) is:,Natural power limit of line,Max thermal limit,Min power,Natural power limit of line,V^2 / Z_surge.,EE2101 - W13_Three-Phase Circuits.pdf,89
842,8,Infinite bus has:,Constant V and f,Infinite R,Zero Power,Constant V and f,Ideal grid.,EE2101 - W13_Three-Phase Circuits.pdf,1
843,8,Relays allow:,Control of high power with low power,Speed control,Amplification,Control of high power with low power,Switching.,EE2101 - W13_Three-Phase Circuits.pdf,1
844,8,CT stands for:,Current Transformer,Center Tap,Control Timer,Current Transformer,Instrument transformer.,EE2101 - W13_Three-Phase Circuits.pdf,1
845,8,PT stands for:,Potential Transformer,Power Timer,Phase Tester,Potential Transformer,Steps down voltage.,EE2101 - W13_Three-Phase Circuits.pdf,1
846,8,Isolator is operated:,Off-load,On-load,During fault,Off-load,No arc chute.,EE2101 - W13_Three-Phase Circuits.pdf,1
847,8,Circuit Breaker is operated:,On-load/Fault,Off-load only,Never,On-load/Fault,Can break arc.,EE2101 - W13_Three-Phase Circuits.pdf,87
848,8,Fuse provides protection against:,Overcurrent/Short circuit,Undervoltage,Frequency shift,Overcurrent/Short circuit,Melts.,EE2101 - W13_Three-Phase Circuits.pdf,1
849,8,Grid synchronization requires matching:,"Voltage, Freq, Phase sequence, Phase angle",Voltage only,Power only,"Voltage, Freq, Phase sequence, Phase angle",All must match.,EE2101 - W13_Three-Phase Circuits.pdf,1
850,8,Transmission voltages are high to:,Reduce I (Current) and I^2R loss,Increase current,Look cool,Reduce I (Current) and I^2R loss,Efficiency.,EE2101 - W13_Three-Phase Circuits.pdf,7
1001,1,Which passive sign convention statement is correct?,Current entering + terminal absorbs power,Current entering + terminal delivers power,Current leaving + terminal absorbs power,Current entering + terminal absorbs power,"According to Passive Sign Convention, if current enters the positive voltage terminal, the element absorbs power (P>0).",EE2101_CIRCUIT_ANALYSIS_LECTURE_1_V1(1).pdf,20
1002,1,The algebraic sum of currents entering a node is zero. This statement confirms:,Conservation of Power,Conservation of Flux,Conservation of Charge,Conservation of Charge,"KCL implies that charge cannot accumulate at a node, reflecting the Conservation of Charge.",EE2101_CIRCUIT_ANALYSIS_LECTURE_1_V1(1).pdf,30
1003,1,"In a linear circuit, if all source voltages are doubled, the currents:",Remain same,Double,Quadruple,Double,Linearity property (Homogeneity): Scaling inputs scales outputs by the same factor.,EE2101_CIRCUIT_ANALYSIS_LECTURE_1_V1(1).pdf,6
1004,1,"Ideally, a Voltmeter should have internal resistance:",Zero,Infinite,1 kOhm,Infinite,"To measure potential difference without drawing current (loading the circuit), R_in must be infinite.",EE2101_CIRCUIT_ANALYSIS_LECTURE_1_V1(1).pdf,25
1005,1,"Ideally, an Ammeter should have internal resistance:",Zero,Infinite,1 kOhm,Zero,"To measure current without causing a voltage drop (altering the circuit), R_in must be zero.",EE2101_CIRCUIT_ANALYSIS_LECTURE_1_V1(1).pdf,25
4001,4,"In an ideal op-amp with negative feedback, V+ equals V- because of:",Infinite Input Impedance,Infinite Open Loop Gain,Zero Output Impedance,Infinite Open Loop Gain,Infinite gain implies that any finite output requires the input difference (V+ - V-) to be effectively zero.,EE2101_CIRCUIT_ANALYSIS_LECTURE_4_V1(1).pdf,2
4002,4,The output of a Comparator depends on:,The rate of change of input,The sign of (V+ minus V-),The absolute sum of inputs,The sign of (V+ minus V-),"It swings to Positive Rail if V+ > V-, and Negative Rail if V- > V+.",EE2101_CIRCUIT_ANALYSIS_LECTURE_4_V1(1).pdf,1
4003,4,What happens if you use Positive Feedback in an Op-Amp?,Generally causes oscillation or saturation,Stabilizes the gain,Increases bandwidth,Generally causes oscillation or saturation,"Positive feedback reinforces changes, leading to hysteresis (Schmitt Trigger) or oscillation.",EE2101_CIRCUIT_ANALYSIS_LECTURE_4_V1(1).pdf,7
4004,4,The Slew Rate of an op-amp defines the maximum:,Output voltage swing,Output current,Rate of change of output voltage,Rate of change of output voltage,"Measured in V/µs, it limits how fast the output can change in response to a step input.",EE2101_CIRCUIT_ANALYSIS_LECTURE_4_V1(1).pdf,2
4005,4,Common Mode Rejection Ratio (CMRR) is the ratio of:,Differential Gain to Common Mode Gain,Output to Input,Signal to Noise,Differential Gain to Common Mode Gain,High CMRR means the op-amp amplifies the difference while ignoring noise common to both inputs.,EE2101_CIRCUIT_ANALYSIS_LECTURE_4_V1(1).pdf,1
2001,2,"In a DC steady state circuit, an ideal Inductor acts as a:",Short Circuit,Open Circuit,Resistor,Short Circuit,"Since v = L(di/dt), and current is constant in DC (di/dt=0), the voltage is zero, implying a short circuit.",EE2101_CIRCUIT_ANALYSIS_LECTURE_5_V2.pdf,2
2002,2,"In a DC steady state circuit, an ideal Capacitor acts as a:",Open Circuit,Short Circuit,Switch,Open Circuit,"Since i = C(dv/dt), and voltage is constant in DC (dv/dt=0), the current is zero, implying an open circuit.",EE2101_CIRCUIT_ANALYSIS_LECTURE_5_V2.pdf,2
2003,2,The energy stored in a capacitor is given by:,1/2 C V^2,1/2 C Q^2,C V,1/2 C V^2,Energy is proportional to capacitance and the square of the voltage.,EE2101_CIRCUIT_ANALYSIS_LECTURE_5_V2.pdf,2
2004,2,Two Inductors L1 and L2 in parallel have equivalent inductance:,(L1 * L2) / (L1 + L2),L1 + L2,L1 - L2,(L1 * L2) / (L1 + L2),Inductors combine like resistors: product over sum for two in parallel.,EE2101_CIRCUIT_ANALYSIS_LECTURE_5_V2.pdf,5
2005,2,Two Capacitors C1 and C2 in series have equivalent capacitance:,(C1 * C2) / (C1 + C2),C1 + C2,C1 - C2,(C1 * C2) / (C1 + C2),Capacitors in series combine inversely (like resistors in parallel).,EE2101_CIRCUIT_ANALYSIS_LECTURE_5_V2.pdf,22
3001,3,The Time Constant (tau) of an RL circuit is:,L / R,R / L,L * R,L / R,It represents the time to decay to ~36.8% or rise to ~63.2% of the final value.,EE2101_CIRCUIT_ANALYSIS_LECTURE_6_V1.pdf,16
3002,3,"For a step response, the circuit is considered 'settled' after approximately:",5 time constants,1 time constant,10 time constants,5 time constants,"After 5τ, the response is >99.3% complete.",EE2101_CIRCUIT_ANALYSIS_LECTURE_6_V1.pdf,6
3003,3,Which state variable cannot change instantaneously?,Voltage across a Capacitor,Current through a Resistor,Voltage across a Resistor,Voltage across a Capacitor,Capacitor voltage relates to stored energy (1/2 CV^2); instant change would require infinite power.,EE2101_CIRCUIT_ANALYSIS_LECTURE_6_V1.pdf,1
3004,3,Which state variable cannot change instantaneously?,Current through an Inductor,Voltage across an Inductor,Current through a Resistor,Current through an Inductor,Inductor current relates to stored magnetic energy (1/2 LI^2); instant change would require infinite voltage.,EE2101_CIRCUIT_ANALYSIS_LECTURE_6_V1.pdf,1
3005,3,The 'Natural Response' of a circuit is due to:,Initial stored energy,External voltage source,External current source,Initial stored energy,It describes how the circuit relaxes from its initial state to zero without external forcing.,EE2101_CIRCUIT_ANALYSIS_LECTURE_6_V1.pdf,6
8001,8,"In a balanced Wye (Star) connected system, the Line Voltage is:",Equal to Phase Voltage,Sqrt(3) times Phase Voltage,3 times Phase Voltage,Sqrt(3) times Phase Voltage,V_line leads V_phase by 30 degrees and is larger by a factor of root-3.,EE2101 - W13_Three-Phase Circuits.pdf,7
8002,8,"In a balanced Delta connected system, the Line Current is:",Equal to Phase Current,Sqrt(3) times Phase Current,3 times Phase Current,Sqrt(3) times Phase Current,I_line lags I_phase by 30 degrees and is larger by a factor of root-3.,EE2101 - W13_Three-Phase Circuits.pdf,71
8003,8,The total Active Power (P) in a balanced three-phase system is given by:,3 * V_line * I_line,Sqrt(3) * V_line * I_line * cos(theta),V_line * I_line * cos(theta),Sqrt(3) * V_line * I_line * cos(theta),"Using line values, the factor is root-3. Using phase values, it would be 3.",EE2101 - W13_Three-Phase Circuits.pdf,71
8004,8,"If one phase of a balanced three-phase motor is lost (single-phasing), what happens?",Motor stops immediately,Motor continues to run but may overheat,Motor speeds up,Motor continues to run but may overheat,It draws excessive current in the remaining phases to maintain torque.,EE2101 - W13_Three-Phase Circuits.pdf,7
8005,8,The neutral current in a perfectly balanced Wye system is:,Equal to Line Current,Zero,Infinite,Zero,The vector sum of three equal currents spaced 120 degrees apart is zero.,EE2101 - W13_Three-Phase Circuits.pdf,71
1101,1,"According to Ulaby/Maharbiz, the two complementary tasks of circuit theory are:",Analysis and Synthesis,Design and Fabrication,Passive and Active,Analysis and Synthesis,Analysis relates output to input; Synthesis (Design) works backwards from specs to circuit.,EE2101_CIRCUIT_ANALYSIS_LECTURE_1_V1(1).pdf,2
1102,1,Which device is defined as 'Active' in the text?,Resistor,Transistor/IC,Capacitor,Transistor/IC,"Active devices (like transistors) require an external power source to function, unlike passive R, L, C.",EE2101_CIRCUIT_ANALYSIS_LECTURE_1_V1(1).pdf,6
1103,1,Technolgy Brief 1 mentions Nanotechnology. What scale is a nanometer?,10^-6 m,10^-9 m,10^-12 m,10^-9 m,Nano means one-billionth (10^-9) of a meter.,EE2101_CIRCUIT_ANALYSIS_LECTURE_1_V1(1).pdf,1
4101,4,Application Note 4-12 discusses Neural Probes. These primarily use which circuit?,Voltage Follower,Integrator,Differentiator,Voltage Follower,Used to buffer the high-impedance neural signals before transmission.,EE2101_CIRCUIT_ANALYSIS_LECTURE_4_V1(1).pdf,1
4102,4,"In the Ideal Op-Amp model (Section 4-3), the input current is:",Zero,Infinite,Defined by load,Zero,Infinite input impedance implies zero input current flowing into V+ or V-.,EE2101_CIRCUIT_ANALYSIS_LECTURE_4_V1(1).pdf,2
4103,4,Technology Brief 9 discusses Display Technologies. Which is NOT a display type mentioned?,LCD,LED,CRT,CRT,"Modern displays focus on LCD, LED, and OLED technologies.",EE2101_CIRCUIT_ANALYSIS_LECTURE_4_V1(1).pdf,1
8101,8,"Chapter 10: In a balanced Wye-Wye system, the line voltage magnitude is:",V_phase,Sqrt(3) * V_phase,3 * V_phase,Sqrt(3) * V_phase,V_line = √3 × V_phase.,EE2101 - W13_Three-Phase Circuits.pdf,7
8102,8,TB26 'Inside a Power Generating Station' describes generators as:,DC Dynamos,Synchronous Machines,Induction Motors,Synchronous Machines,Large scale power generation uses synchronous alternators.,EE2101 - W13_Three-Phase Circuits.pdf,80
8103,8,Section 10-6: Power Factor Compensation usually involves adding:,Inductors,Capacitors,Resistors,Capacitors,Capacitors are added in parallel to counteract the inductive lag of motors/loads.,EE2101 - W13_Three-Phase Circuits.pdf,80
